rest,category,score,count,latitude,longitude,post
할머니의 레시피 서울숲,한식,4.1,62,37.5461687,127.0430745,서울 성동구 서울숲2길 44-12
아이노가든키친 광화문,한식,4.5,28,37.5728324,126.9712704,서울 종로구 경희궁2길 10
도마 인사동,한식,4.4,66,37.5738126,126.9858347,서울 종로구 인사동8길 6-1
별미볶음점 여의도,한식,4.5,38,37.5207952,126.9269308,서울 영등포구 국제금융로6길 33
녹원쌈밥 연희동,한식,4.3,26,37.5725288,126.9341598,서울 서대문구 연희로25길 22
콩예원 광장동,한식,4.4,9,37.5513917,127.1109127,서울 광진구 아차산로78길 75
한일관 압구정점,한식,4.1,16,37.5277264,127.0325448,서울 강남구 압구정로38길 14
예향정 노원역,한식,4.4,22,37.6531712,127.0586467,서울 노원구 동일로217가길 31
경복식당 공릉,한식,4.7,17,37.6237674,127.0787121,서울 노원구 공릉로39길 10
무월식탁 강남역,한식,3.7,59,37.5025759,127.0273296,서울 강남구 강남대로102길 23
호족반 도산공원점,한식,4.3,48,37.5254483,127.036756,서울 강남구 언주로164길 39
파르크 한남동,한식,3.9,24,37.5374926,126.9997329,서울 용산구 유엔빌리지길 80-36
고향집 강남구청역,한식,4.6,12,37.5169182,127.0370356,서울 강남구 언주로134길 17
시래기담은 삼청동,한식,4.8,5,37.5815898,126.9809917,서울 종로구 삼청로 65-2
24시 서울밥집 신림,한식,4.6,25,37.4832313,126.9275481,서울 관악구 관천로 36-1
황소고집 종각역,한식,3.9,44,37.5685537,126.986088,서울 종로구 청계천로 75-1
일미식당 낙원상가,한식,4.0,27,37.57283,126.9876939,서울 종로구 삼일대로 428
하얀고래 종각본점,한식,4.5,12,37.5704878,126.9847263,
난포 한남동,한식,4.2,41,37.5371307,126.9995239,서울 용산구 이태원로49길 18
무월식탁 파미에스테이션점,한식,3.6,39,37.5033487,127.0052395,서울 서초구 사평대로 205
맛이차이나 상수,중식,4.4,53,37.5476115,126.9208635,서울 마포구 독막로 68
진진 합정,중식,4.1,39,37.5537804,126.918479,서울 마포구 월드컵로5길 33-16
대가방 본점,중식,4.4,50,37.5107214,127.0429539,서울 강남구 봉은사로 333
차알 여의도 IFC몰점,중식,4.4,44,37.5248506,126.9255781,서울 영등포구 국제금융로 10
연교 연남동,중식,4.5,83,37.5615994,126.9267309,서울 마포구 연희로1길 65
월래순 교자관 가리봉,중식,4.2,70,37.4802835,126.8898292,서울 구로구 디지털로19길 13
홍명 학동역,중식,4.4,34,37.514514,127.0295105,서울 강남구 논현로131길 10
매란방 왕십리,중식,4.1,39,37.5615131,127.0384279,서울 성동구 왕십리광장로 17
오향가 가락동,중식,4.3,43,37.496729,127.121373,서울 송파구 송이로 106
고량주관 종각역,중식,4.8,13,37.5686396,126.9862356,
월량관 연남동,중식,4.4,23,37.5625777,126.9253276,서울 마포구 동교로46길 10
야상해 이태원,중식,4.5,65,37.534789,126.9927928,서울 용산구 이태원로23길 6
송죽장 영등포,중식,3.7,110,37.5182544,126.9047155,서울 영등포구 문래로 203
중화복춘 홍대,중식,4.3,23,37.5595498,126.9242399,서울 마포구 월드컵북로6길 42
원흥 을지로입구역,중식,4.0,26,37.5678937,126.9819007,
안동반점 보문역,중식,4.3,21,37.5870736,127.0190333,서울 성북구 고려대로1길 35-1
마담밍 선릉역,중식,4.2,31,37.5035179,127.0502732,서울 강남구 선릉로86길 5-4
영화장 외대,중식,4.0,35,37.5965687,127.0609498,서울 동대문구 휘경로 3-8
중화백반 교대점,중식,4.5,10,37.4922456,127.0151914,서울 서초구 서초중앙로20길 18
홍릉각 청량리,중식,4.0,21,37.582893,127.039987,서울 동대문구 약령시로 90
진작 을지로3가,일식,4.4,75,37.56403,126.9908216,서울 중구 수표로12길 12
이이요 군자역,일식,4.3,47,37.5552102,127.0789289,서울 광진구 능동로32길 6
장정 정 선릉,일식,4.2,46,37.502822,127.0512635,서울 강남구 선릉로82길 15
시오 연희동,일식,4.2,56,37.5672105,126.9286886,인천 서구 서곶로 489
가마메시야 울림 마곡,일식,4.7,19,37.5603074,126.8274198,서울 강서구 마곡중앙로 76
도우또 을지로3가,일식,4.7,15,37.5647071,126.9940415,서울 중구 을지로18길 42
스즈란테이 이촌,일식,4.2,36,37.5199701,126.9743452,서울 용산구 이촌로 245
시카노이에 광화문,일식,4.4,24,37.5725079,126.9692608,서울 종로구 경희궁1길 32
동경산책 송리단길점,일식,4.2,33,37.5096068,127.1097314,서울 송파구 백제고분로45길 15
스시소라 광화문,일식,4.6,32,37.571031,126.9799653,서울 종로구 종로 19
호호식당 대학로,일식,4.0,88,37.5818886,127.0000654,서울 종로구 대학로9길 35
아루히 여의도,일식,5.0,15,37.5214725,126.9249813,서울 영등포구 여의나루로 42
미우야 양재,일식,4.5,24,37.474006,127.03541,서울 서초구 강남대로23길 90
스시 조 조선호텔,일식,4.4,17,37.5646249,126.9805282,서울 중구 소공로 106
온미동 여의도,일식,4.7,19,37.5238397,126.9261044,서울 영등포구 여의나루로 67-8
기요한 서교동,일식,4.6,33,37.5541206,126.9123648,서울 마포구 동교로12길 3
초이다이닝 연남동,일식,4.2,36,37.5612678,126.9245652,서울 마포구 동교로36길 3
김태완스시 송파본점,일식,4.5,26,37.5104887,127.1112242,서울 송파구 오금로 148
하카타나카 홍대,일식,4.2,31,37.555045,126.9236732,서울 마포구 와우산로23길 50
롤인익선 익선동,일식,4.6,32,37.5743393,126.9897678,서울 종로구 삼일대로30길 37
스미스가좋아하는한옥 삼청동,양식,4.3,32,37.5779378,126.9801792,서울 종로구 삼청로 22-7
먼치 용리단길,양식,4.4,25,37.5299252,126.9698805,
온량 성수,양식,4.5,37,37.5469442,127.0434205,서울 성동구 서울숲4길 26-10
심퍼티쿠시 서울역점,양식,4.8,17,37.5578385,126.9744151,서울 중구 세종대로 14
리에또 사당역,양식,4.4,27,37.4790223,126.983411,서울 서초구 방배천로4안길 20
심퍼티쿠시 용산점,양식,4.6,18,37.5321352,126.9721419,서울 용산구 한강대로52길 17-3
로니로티 건대,양식,3.9,63,37.5409583,127.0684707,서울 광진구 아차산로 225
투파인드피터 노원점,양식,4.2,31,37.6575116,127.0617088,서울 노원구 상계로1길 34
온다 가로수길,양식,4.5,12,37.5190346,127.022179,경남 창원시 성산구 동산로65번길 15
바비레드 강남본점,양식,3.8,73,37.5026625,127.0278787,서울 강남구 봉은사로6길 39
이층양옥 익선동,양식,4.1,22,37.5739601,126.9904165,서울 종로구 돈화문로11나길 28
파델라 연남동,양식,4.7,16,37.5606916,126.9223945,서울 마포구 연남로1길 11
오스테리아 오르조 한남동,양식,4.4,36,37.5349161,127.0095281,서울 용산구 한남대로20길 47
두오모 서촌,양식,4.7,17,37.5816121,126.9715675,서울 종로구 자하문로16길 5
가든 포에트 홍대,양식,4.5,25,37.5502111,126.9237118,서울 마포구 와우산로14길 12
페어링룸 청담,양식,4.1,25,37.5254116,127.0478303,서울 강남구 도산대로81길 14
그리노 성수동,양식,4.6,19,37.5479541,127.0576203,서울 성동구 성수이로 147
슬로우파크 삼청동,양식,4.7,13,37.5879212,126.9814919,서울 종로구 삼청로 141
연남토마 연남점,양식,4.3,38,37.5595232,126.9214704,서울 마포구 월드컵북로6길 61
연남토마 북촌점,양식,4.4,32,37.5793518,126.9827234,서울 종로구 북촌로5길 39
원 디그리 노스 강남구청역,아시안,4.6,17,37.5167856,127.0374458,서울 강남구 학동로43길 8
시누아즈 홍대,아시안,4.9,5,37.5616256,126.9273031,서울 서대문구 연희로 32-1
플레이버타운 서울숲,아시안,4.4,10,37.5469832,127.0429156,서울 성동구 서울숲4길 18-7
발리문 연남동,아시안,4.5,61,37.5620283,126.92449,서울 마포구 동교로 248-1
더 마칸 방이동,아시안,4.2,13,37.5132887,127.1105373,서울 송파구 올림픽로32길 37-4
모던 아시안 누들 서비스 가로수길,아시안,4.4,13,37.5218293,127.0211729,서울 강남구 강남대로162길 41-20
피에프창 롯데월드몰점,아시안,3.8,51,37.5134578,127.1033301,서울 송파구 올림픽로 300
다츠 한남동,아시안,4.1,28,37.536664,126.9990952,서울 용산구 이태원로55나길 6
발리인망원 망원동,아시안,4.2,34,37.5533041,126.9059134,서울 마포구 포은로 67
피에프창 코엑스점,아시안,3.8,35,37.5134281,127.0595829,서울 강남구 영동대로 517
수도원 대학로,아시안,4.4,12,37.5817524,127.0047776,서울 성북구 창경궁로43길 76
파파야리프 강남역,아시안,4.5,34,37.5029128,127.0276193,서울 강남구 강남대로102길 29
생어거스틴 상암,아시안,4.6,15,37.5815938,126.8870713,서울 마포구 월드컵북로58길 10
라오빠빠 오금역,아시안,4.2,10,37.5020226,127.1253591,서울 송파구 송이로17길 57
배불 동묘,아시안,4.5,6,37.5728874,127.0168309,서울 종로구 종로56길 5-6
월간우주 잠실새내,아시안,5.0,3,37.5092758,127.0817978,서울 송파구 백제고분로7길 24-30
4브라더스 도곡,아시안,4.4,50,37.484032,127.0453012,
라오 아시안 비스트로 합정,아시안,4.5,10,37.5543463,126.9160392,서울 마포구 잔다리로 77
chaotic 광화문,아시안,4.7,3,37.5729168,126.9700788,
까폼 압구정,아시안,4.2,57,37.5248766,127.0379906,서울 강남구 선릉로153길 18
서촌계단집 서촌,해산물,3.7,70,37.5764305,126.9714587,서울 종로구 자하문로1길 15
안주마을 서촌,해산물,4.4,43,37.5764582,126.9721722,서울 종로구 자하문로1길 3
맛짱조개 강남구청역,해산물,4.5,45,37.5166133,127.0370096,서울 강남구 언주로134길 18
바이킹스워프 롯데월드몰점,해산물,4.2,37,37.5132384,127.1037831,서울 송파구 올림픽로 300
죽변항 해물포차 영등포구청,해산물,4.2,11,37.5270388,126.8975875,서울 영등포구 국회대로34길 3-2
연주방 연남동,해산물,4.2,11,37.5626862,126.9253268,서울 마포구 동교로46길 7
우리바다수산 망원역,해산물,4.5,31,37.5577265,126.9089111,서울 마포구 월드컵로 102
오징어세상 삼성점,해산물,4.0,13,37.5090389,127.0571579,서울 강남구 삼성로96길 15
형제상회 노량진수산시장,해산물,4.2,31,37.5148693,126.9368431,서울 동작구 노들로 674
남해바다마차 석계역,해산물,4.4,16,37.6135526,127.0649678,서울 성북구 한천로78길 71
백일도 중곡,해산물,4.9,18,37.5635,127.0806101,서울 광진구 능동로47길 37
청송 산오징어 사당,해산물,4.4,32,37.4758114,126.977918,서울 관악구 남현1길 8
손선장 노량진수산시장,해산물,4.6,22,37.5146821,126.9385812,서울 동작구 노들로 674
전라도횟집 광장시장,해산물,4.3,9,37.57004,127.0009669,서울 종로구 창경궁로 88
고래불 강남역,해산물,5.0,25,37.4962217,127.0339708,서울 강남구 논현로79길 62
진호횟집 수유역,해산물,4.6,19,37.6412617,127.0314406,서울 강북구 도봉로98길 33
우리회포차 사당점,해산물,4.3,11,37.4783199,126.9806444,서울 동작구 사당로30길 148
해물점 용산 삼각지,해산물,4.5,5,37.5343229,126.9745534,서울 용산구 한강대로62나길 14-1
매일스시횟집 대흥역,해산물,4.9,8,37.5480316,126.9455058,서울 마포구 숭문길 34
바다회사랑 연남본점,해산물,4.3,69,37.5604083,126.921,
달가득치킨 연신내,치킨,4.7,16,37.6178109,126.9211011,서울 은평구 연서로28길 10
계열사 부암동,치킨,4.0,65,37.5928996,126.9656561,서울 종로구 백석동길 7
한남동한방통닭 본점,치킨,4.3,50,37.5327401,127.0060066,
효도치킨 강남고속버스터미널점,치킨,4.5,11,37.506395,127.0079282,서울 서초구 신반포로 194
효도치킨 광화문점,치킨,4.5,18,37.5746043,126.971066,서울 종로구 사직로8길 21-1
남원통닭 청량리,치킨,4.2,13,37.5803334,127.0424048,서울 동대문구 홍릉로1길 39
서울숲누룽지통닭구이 서울숲,치킨,4.2,46,37.5469605,127.0443846,서울 성동구 왕십리로5길 10
르프리크 성수,치킨,4.4,69,37.5444391,127.0526591,서울 성동구 연무장5길 9-16
경원치킨 낙성대,치킨,4.2,8,37.476078,126.963786,서울 관악구 봉천로 600-1
롸카두들 내쉬빌 핫치킨 압구정,치킨,4.3,24,37.5255995,127.0364531,서울 강남구 언주로164길 35-3
명인시골통닭 사당본점,치킨,4.6,11,37.4784615,126.981175,
한추 압구정,치킨,3.9,56,37.5240032,127.0233572,서울 강남구 논현로175길 68
삼덕통닭 신도림점,치킨,4.7,12,37.5104351,126.8897276,서울 구로구 경인로67길 23
아웃닭 홍대점,치킨,4.3,14,37.5500827,126.921927,서울 마포구 와우산로17길 19
롸카두들 내쉬빌 핫치킨 이태원점,치킨,4.3,21,37.5348942,126.9881376,
두레통닭 길음뉴타운점,치킨,4.7,3,37.6054555,127.0220362,서울 성북구 길음로 33
영양센타 본점,치킨,4.4,20,37.5611197,126.9831647,서울 중구 명동2길 52
한신치킨 반포,치킨,4.3,24,37.5087999,127.003588,서울 서초구 신반포로23길 30
아웃닭 신촌,치킨,4.4,16,37.5574086,126.9377773,서울 서대문구 이화여대5길 16
가마치통닭 서울 북한산점,치킨,5.0,5,37.6166387,127.0033273,서울 성북구 보국문로 167
보니스피자펍 해방촌,피자,4.3,99,37.5411986,126.9869245,서울 용산구 신흥로3길 2
핏제리아오 본점,피자,4.1,102,37.5820958,127.0043262,
클랩피자 압구정,피자,4.5,42,37.5240873,127.0365596,서울 강남구 압구정로46길 71
스파카 나폴리 합정,피자,4.2,37,37.5489146,126.9156019,서울 마포구 양화로6길 28
부자피자 1호점,피자,4.2,54,37.5372741,126.9998023,서울 용산구 이태원로55가길 28
다로베 성수,피자,4.4,22,37.5485233,127.0433963,서울 성동구 왕십리로11길 7
플롭 안국 안국역,피자,4.5,32,37.5779283,126.9860684,서울 종로구 북촌로2길 5
매덕스피자 신사점,피자,4.4,17,37.5190388,127.0238521,서울 강남구 도산대로15길 11
파이프그라운드 한남동,피자,4.4,79,37.5395819,127.0029779,서울 용산구 한남대로27길 66
웨스트빌 피자 합정,피자,4.5,19,37.5509062,126.9073147,서울 마포구 포은로 37-1
마리오네 성수,피자,4.7,27,37.5488963,127.0542761,서울 성동구 광나루로2길 23-1
스폰티니 강남역,피자,4.3,40,37.501945,127.0260519,서울 강남구 강남대로 442
잭슨피자 압구정점,피자,4.5,20,37.5250886,127.0246771,서울 강남구 압구정로 144
더 키친 바이 잇투고 영등포,피자,5.0,4,37.527811,126.904675,서울 금천구 두산로 71
페이퍼 플레이트 성수,피자,4.6,22,37.5417281,127.0566909,서울 성동구 성수이로14길 15
모터시티바이매니멀 이태원,피자,4.0,46,37.5340246,126.9894628,
작은피자집 사당역,피자,4.5,18,37.477259,126.9796672,서울 동작구 동작대로1길 31
보니스피자펍 석촌호수점,피자,4.6,10,37.5060904,127.0989054,서울 송파구 송파대로49길 52
뉴오더클럽 연남동,피자,4.4,29,37.5610437,126.9245375,서울 마포구 동교로34길 3
폴리스 광화문D타워점,피자,4.1,31,37.5713656,126.9789824,서울 종로구 종로3길 17
르프리크 성수,버거,4.4,69,37.5444391,127.0526591,서울 성동구 연무장5길 9-16
브루클린더버거조인트 가로수길점,버거,4.4,81,37.5191126,127.0240337,서울 강남구 도산대로15길 12
브루클린 더 버거 조인트 여의도점,버거,4.3,37,37.5241759,126.9248296,서울 영등포구 국제금융로2길 24
바스버거 여의도,버거,4.2,37,37.5248901,126.927309,서울 영등포구 국제금융로 20
브루클린 더버거 조인트 삼성점,버거,4.3,39,37.5126401,127.0556086,서울 강남구 봉은사로84길 10
더백푸드트럭 해방촌,버거,4.3,46,37.5475325,126.984057,서울 용산구 신흥로20길 45-1
제스티살룬 연남,버거,4.4,41,37.5616611,126.9267907,서울 마포구 연희로 31
위트앤미트 강남점,버거,4.3,37,37.5037803,127.0274523,서울 강남구 강남대로110길 32
버거드조선 서촌,버거,4.4,27,37.5755982,126.9704616,서울 종로구 사직로10길 7
Bored & Hungry 성수,버거,4.7,31,37.5415794,127.0604134,서울 성동구 성수이로18길 32
롸카두들 내쉬빌 핫치킨 압구정,버거,4.3,24,37.5255995,127.0364531,서울 강남구 언주로164길 35-3
제스티 살룬 성수,버거,4.2,93,37.5475917,127.0423894,서울 성동구 서울숲4길 13
브루클린더버거조인트 서래마을점,버거,4.4,34,37.4960772,126.9997628,서울 서초구 서래로2길 27
파이브가이즈 강남,버거,4.1,94,37.501217,127.0256891,서울 서초구 강남대로 435
파이브가이즈 여의도점,버거,4.0,116,37.5253502,126.9288125,서울 영등포구 여의대로 108
자이온 등촌역,버거,4.7,16,37.5514069,126.8660985,서울 강서구 공항대로61길 10-11
쉑쉑버거 강남대로점,버거,3.9,147,37.5001017,127.0262223,서울 강남구 강남대로 352
벅벅 성균관대,버거,4.5,14,37.5884254,126.995691,서울 종로구 명륜길 22
크라이치즈버거 삼성역점,버거,4.2,48,37.5090856,127.0651856,서울 강남구 테헤란로 620
크라이치즈버거 양재역점,버거,4.4,23,37.4872538,127.0320051,서울 서초구 강남대로41길 8
한솥도시락 청담플래그십점,도시락,5.0,4,37.5254967,127.0470366,서울 강남구 압구정로 459
반우 역삼역,도시락,4.8,3,37.5008395,127.0355691,서울 강남구 테헤란로 147
진수성찬 서울역,도시락,5.0,1,37.5543761,126.9706334,
상무초밥 잠실점,도시락,4.3,5,37.5115318,127.0811985,서울 송파구 올림픽로 96
푸드박스 성동광진점,도시락,4.8,2,37.5609692,127.0876295,서울 광진구 용마산로 82
본도시락 잠실새내점,도시락,5.0,1,37.5100454,127.0799856,서울 송파구 올림픽로8길 20
본도시락 선릉,도시락,5.0,1,37.5025116,127.0505111,서울 강남구 선릉로82길 5
연도시락 마곡,도시락,4.3,3,37.5586687,126.8321734,서울 강서구 공항대로 222
연돈볼카츠 튀김덮밥도시락 강남CGV점,도시락,4.4,4,37.501626,127.0264855,서울 강남구 강남대로 438
대방골 여의도,도시락,4.8,2,37.5309463,126.9208132,서울 영등포구 국회대로 800
스노우폭스 선릉역점,도시락,4.1,10,37.5056105,127.0515994,서울 강남구 테헤란로 415
라라유부 명지대,도시락,5.0,2,37.5808295,126.9255787,서울 서대문구 거북골로 14
케이트분식당 풍납동,도시락,4.5,2,37.5344021,127.1215436,서울 송파구 올림픽로 587-1
가온한식뷔페 발산역,도시락,4.0,1,37.5583097,126.8455384,서울 강서구 화곡로61길 123
한솥도시락 노량진고시촌점,도시락,4.5,7,37.5125724,126.9448789,서울 동작구 만양로14가길 23
한솥도시락 건대,도시락,4.1,9,37.54549,127.0766386,서울 광진구 광나루로24길 21
본도시락 용산역,도시락,5.0,1,37.525516,126.964731,대구 달서구 한들로 15
영앤스윗 용산역,도시락,5.0,2,37.527532,126.9652843,서울 용산구 한강대로 69
도시락집 미미 홍대,도시락,4.5,8,37.5542896,126.9264574,서울 마포구 와우산로29가길 54-13
해마루 양재점,도시락,3.5,2,37.4624382,127.0341307,서울 서초구 매헌로1길 26
르베지왕 성수,샐러드,4.7,13,37.5444893,127.0511271,서울 성동구 연무장1길 15-1
샐러디치 오도씨 송파본점,샐러드,4.7,5,37.5087669,127.1053779,서울 송파구 송파대로48길 7
샐러드셀러 이태원,샐러드,4.4,21,37.5328308,126.9924926,서울 용산구 이태원로20길 36
신선식탁 대학로,샐러드,4.5,20,37.5763436,127.0007822,서울 종로구 율곡로13가길 4
마리앤샐러드 동대문,샐러드,4.6,3,37.5633793,127.0041913,서울 중구 퇴계로 292-1
투고샐러드 성신여대,샐러드,4.6,14,37.591545,127.0204012,서울 성북구 보문로34나길 3
칙피스 성수점,샐러드,4.4,22,37.5444301,127.0528627,서울 성동구 연무장5길 9-16
칙피스 신사점,샐러드,4.1,29,37.51911,127.0248065,서울 강남구 강남대로152길 69
프레퍼스 다이어트 푸드 강남직영점,샐러드,4.9,9,37.5002511,127.0275009,서울 강남구 테헤란로1길 30
샐러디 을지로3가역점,샐러드,3.4,4,37.5646707,126.989336,서울 중구 마른내로 14
샐러디 구의역점,샐러드,5.0,3,37.5377841,127.0836215,서울 광진구 자양로 112
샐러디 논현역,샐러드,4.5,20,37.5110267,127.0204939,서울 서초구 신반포로 337
알라보 강남점,샐러드,3.9,21,37.4999326,127.0323679,서울 강남구 테헤란로 129
그린벨 강남구청역,샐러드,4.0,3,37.5186542,127.0405744,서울 강남구 선릉로 717
프레퍼스 다이어트 푸드 노량진점,샐러드,4.7,8,37.5134966,126.9427662,서울 동작구 노량진로 152
팔레트샐러드 연희점,샐러드,4.0,4,37.5658152,126.9298027,서울 서대문구 연희로 83
퍼스트플러스에이드 여의도,샐러드,4.1,9,37.5233864,126.9234736,서울 영등포구 의사당대로 83
리브팜 압구정,샐러드,4.6,6,37.5244205,127.0244995,서울 강남구 압구정로18길 7
왓어샐러드 신용산역,샐러드,4.1,9,37.5287912,126.9686735,서울 용산구 한강대로 100
샐러디 종로광교점,샐러드,3.9,5,37.5690075,126.9843067,서울 종로구 청계천로 61
소금집 델리 망원동,샌드위치,4.2,69,37.5567813,126.9082522,서울 마포구 월드컵로19길 14
소금집 델리 안국점,샌드위치,4.3,90,37.5794136,126.9863175,서울 종로구 북촌로4길 19
파작 종각역,샌드위치,4.5,14,37.568941,126.9840599,서울 종로구 청계천로 57
포비 광화문,샌드위치,4.4,84,37.5707725,126.9787991,서울 종로구 종로3길 17
고트델리 문래,샌드위치,4.5,37,37.5138036,126.8924901,서울 영등포구 도림로139길 14
오파토 해방촌,샌드위치,4.6,19,37.5433502,126.9879735,서울 용산구 신흥로12길 4
루엘드파리 남부터미널,샌드위치,4.4,31,37.4840594,127.0173499,서울 서초구 서초중앙로 18
포비 강남점,샌드위치,4.5,43,37.5030165,127.0044176,서울 서초구 신반포로 지하 188
위트앤미트 강남점,샌드위치,4.3,37,37.5037803,127.0274523,서울 강남구 강남대로110길 32
코끼리베이글 영등포,샌드위치,4.2,59,37.5292732,126.8935041,서울 영등포구 선유로 176
렌위치 여의도IFC몰,샌드위치,4.5,12,37.5253337,126.9261238,서울 영등포구 국제금융로 10
비밀 이대,샌드위치,4.2,19,37.5585299,126.9431482,서울 서대문구 이화여대7길 48
바게틴 방배,샌드위치,4.5,9,37.4799718,126.9989877,서울 서초구 방배로 58
더숲 초소책방 종로구,샌드위치,4.4,46,37.5859415,126.964205,서울 종로구 인왕산로 172
애즈라이크 서촌,샌드위치,4.3,41,37.5783143,126.9733577,서울 종로구 효자로7길 23
커먼맨션 광화문,샌드위치,4.4,10,37.572751,126.9700144,서울 종로구 경희궁길 36
샐러드셀러 이태원,샌드위치,4.4,21,37.5328308,126.9924926,서울 용산구 이태원로20길 36
브로트아트 여의도,샌드위치,4.4,29,37.5224582,126.9311482,서울 영등포구 국제금융로7길 3
델리노쉬 서촌,샌드위치,4.8,5,37.5791478,126.9709284,서울 종로구 자하문로 35-6
누오바 이탈리아 용산구,샌드위치,4.6,15,37.5173888,126.9851878,서울 용산구 이촌로 352
멕시칼리 아차산역,맥시칸,4.6,108,37.5536231,127.0875894,서울 광진구 천호대로 634
바토스 이태원점,맥시칸,4.0,93,37.534521,126.9902185,서울 용산구 이태원로15길 1
올디스타코 을지로3가,맥시칸,4.5,62,37.5650628,126.9929594,서울 중구 충무로4길 3
타코튜즈데이 성수점,맥시칸,4.6,33,37.5467382,127.0455685,서울 성동구 왕십리로10길 10
멕시칸식당 베르데 연남동,맥시칸,4.4,29,37.5628313,126.9254121,서울 마포구 동교로 262-6
꼰미고 송리단길,맥시칸,4.5,22,37.5098609,127.1103822,서울 송파구 오금로18길 12
이터스 멕시칸 롯데월드몰점,맥시칸,4.6,23,37.514291,127.1046572,서울 송파구 올림픽로 300
감성타코 홍대점,맥시칸,4.2,41,37.5528115,126.9227273,서울 마포구 와우산로21길 20-11
버뮤다삼각지 용리단길,맥시칸,4.5,41,37.531982,126.9723219,
멕시코다이너 멕시코식당2호점 합정,맥시칸,4.4,19,37.5459898,126.9159775,서울 마포구 토정로3안길 33
비야게레로 삼성동,맥시칸,4.1,45,37.5119508,127.0528549,서울 강남구 봉은사로78길 12
비아메렝게 신촌,맥시칸,4.5,13,37.5586387,126.9381192,서울 서대문구 명물길 27-18
온더보더 여의도IFC점,맥시칸,4.1,44,37.5254716,126.9254259,서울 영등포구 국제금융로 10
코레아노스 키친 녹사평점,맥시칸,4.1,24,37.5344301,126.9882707,서울 용산구 녹사평대로40길 46
슈가스컬 종각역,맥시칸,4.3,27,37.569659,126.9847094,서울 종로구 우정국로2길 29
도스타코스 강남역점,맥시칸,4.5,20,37.5028257,127.0245354,서울 서초구 강남대로 455
바토스 파르나스몰점,맥시칸,4.4,23,37.5093927,127.0615999,서울 강남구 테헤란로 521
쿠차라 타임스퀘어점,맥시칸,4.3,20,37.5172637,126.9040418,서울 영등포구 영중로 15
바토스 롯데백화점 잠실점,맥시칸,4.0,34,37.512463,127.0987261,서울 송파구 올림픽로 240
슈가스컬 센트럴시티점,맥시칸,4.2,29,37.5030891,127.0040494,서울 서초구 신반포로 지하 188
플랜튜드 코엑스,채식,4.4,37,37.5117596,127.0591241,서울 강남구 영동대로 513
베이스이즈나이스 마포역,채식,4.3,6,37.5396372,126.9490947,서울 마포구 도화2길 20
유알티 홍대,채식,4.2,7,37.5576827,126.9161192,서울 마포구 월드컵북로7길 34
플랜튜드 아이파크몰 용산점,채식,4.2,28,37.5297717,126.9647415,서울 용산구 한강대로23길 55
고사리 익스프레스 신당역,채식,5.0,5,37.5662699,127.0200229,서울 중구 퇴계로85길 12-10
남미 플랜트랩 사당,채식,4.2,37,37.480635,126.9832998,서울 서초구 방배천로4안길 55
차호로록 영등포구청역,채식,4.8,6,37.5270187,126.898214,서울 영등포구 국회대로36길 3
바이두부 해방촌,채식,4.4,13,37.5461343,126.9852528,서울 용산구 소월로20길 10
어라운드 그린 망원,채식,4.5,13,37.5526878,126.9072599,서울 마포구 동교로 44-1
사라바나 바반 이태원,채식,4.6,4,37.5351322,126.9942911,서울 용산구 이태원로27가길 18
퍼멘츠 용산역,채식,4.8,13,37.52478,126.9618499,서울 용산구 한강대로7길 22
칙피스 성수점,채식,4.4,22,37.5444301,127.0528627,서울 성동구 연무장5길 9-16
우부래도 상도역,채식,4.2,6,37.503155,126.9486279,서울 동작구 상도로37길 3
플랜트 이태원,채식,4.2,14,37.5331396,126.994198,서울 용산구 보광로 117
소이로움 서촌,채식,4.4,9,37.5797205,126.9685899,서울 종로구 필운대로 41
샐러마리 망원동,채식,4.6,13,37.5571637,126.9029355,서울 마포구 망원로 55-3
달리아 다이닝 도산공원,채식,4.2,11,37.5232039,127.0357525,서울 강남구 도산대로45길 14
몽크스부처 한남동,채식,4.0,16,37.535452,126.9992256,서울 용산구 이태원로 228-1
플랜트 연남점,채식,4.4,7,37.5596837,126.9231965,서울 마포구 월드컵북로4길 87
위어도우 연희동,채식,4.1,5,37.5746132,126.9274351,서울 서대문구 증가로 80
나누미 떡볶이 성대본점,분식,4.0,71,37.5837668,126.9979068,서울 종로구 성균관로 9-1
또보겠지떡볶이집 붕붕허니비점,분식,4.4,103,37.5589783,126.9244242,서울 마포구 양화로19길 22-25
쪼매매운떡볶이 공릉,분식,4.4,36,37.6281849,127.0778159,서울 노원구 공릉로 208
고른햇살 안암,분식,4.2,48,37.5870154,127.0294687,서울 성북구 개운사길 14
조이떡볶이 합정,분식,4.5,17,37.5484696,126.9134228,서울 마포구 양화로 36
오월의김밥 낙성대,분식,4.8,26,37.4760838,126.9646138,서울 관악구 봉천로 605
강가네 떡볶이 광장시장,분식,4.4,28,37.570638,127.0004749,서울 종로구 종로32길 2
애플하우스 이수역,분식,3.9,202,37.4863013,126.9806796,서울 동작구 동작대로27다길 29
이공김밥 안암본점,분식,4.3,24,37.582375,127.0284678,서울 성북구 안암로 61-6
명화당 1호점,분식,3.8,34,37.5623945,126.983795,서울 중구 명동4길 32
김밥처럼 선유도역점,분식,4.6,13,37.5388935,126.8945481,서울 영등포구 선유로49길 23
잠원떡볶이 잠원동,분식,4.3,11,37.5130867,127.010978,서울 서초구 잠원로4길 45
악어떡볶이 왕십리,분식,4.2,72,37.5607215,127.041011,서울 성동구 마조로 33
마포원조떡볶이 마포역,분식,4.0,62,37.5403569,126.9487607,서울 마포구 도화2길 3
신토불이 떡볶이 아차산,분식,4.0,127,37.5526,127.0905,서울 광진구 자양로43길 42
진아네떡볶이 장충동,분식,4.3,7,37.5615801,127.0055004,서울 중구 퇴계로56길 52
현선이네 용산본점,분식,4.3,42,37.5311551,126.9692251,서울 용산구 한강대로39길 2-13
또보겠지떡볶이집 몽글몽글청계점,분식,4.3,29,37.5696639,126.9872446,서울 종로구 삼일대로19길 6
홍대조폭떡볶이 홍대2호점,분식,4.2,29,37.5558918,126.9237556,서울 마포구 홍익로6길 38
맛있는집 북가좌동,분식,4.9,16,37.5804503,126.9108632,서울 서대문구 거북골로20길 55
커피한약방 을지로3가역,카페,4.2,89,37.5665774,126.9886173,서울 중구 삼일대로12길 16-6
호랑이 세운상가,카페,4.6,57,37.5671459,126.9954512,서울 중구 을지로 157
테일러커피 연남1호점,카페,4.2,67,37.5631113,126.9263399,서울 마포구 성미산로 189
스타벅스 경동1960점,카페,4.4,66,37.5796141,127.0386849,서울 동대문구 고산자로36길 3
로우 커피 스탠드 성수,카페,4.6,37,37.5471789,127.0466518,서울 성동구 왕십리로4길 28-2
더숲 초소책방 종로구,카페,4.4,46,37.5859415,126.964205,서울 종로구 인왕산로 172
어나더사이드 발산역,카페,4.6,33,37.5540458,126.8371389,서울 강서구 강서로 318
맨홀커피 영등포,카페,4.4,34,37.5292718,126.903915,서울 영등포구 영신로 247
포비 광화문,카페,4.4,84,37.5707725,126.9787991,서울 종로구 종로3길 17
앤트러사이트 서교점,카페,4.5,29,37.5555156,126.9116843,서울 마포구 월드컵로12길 11
스타벅스 장충라운지R점,카페,4.4,23,37.5611012,127.00739,서울 중구 장충단로4길 25
콜린 홍대,카페,4.3,49,37.549231,126.9204345,서울 마포구 어울마당로 45
모츠커피 건대,카페,4.5,38,37.5446685,127.0704626,서울 광진구 군자로3길 14
겟썸커피 롯데월드몰,카페,4.3,33,37.5125702,127.1025625,서울 송파구 올림픽로 300
텅 안국역,카페,4.4,35,37.5771872,126.9881544,서울 종로구 율곡로 82
테라로사 포스코센터점,카페,4.3,41,37.5060634,127.0560829,서울 강남구 테헤란로 440
카페 공명 홍대점,카페,4.6,37,37.5499077,126.9220185,서울 마포구 와우산로17길 11-8
스탠다드시스템 청담,카페,4.5,14,37.5225773,127.0435695,서울 강남구 선릉로148길 48-5
빈브라더스 커피하우스 서울 상수,카페,4.9,19,37.5452009,126.9244369,서울 마포구 토정로9길 2
카페 코인 명동1호점,카페,4.4,41,37.5628733,126.9841514,
커피한약방 을지로3가역,디저트,4.2,89,37.5665774,126.9886173,서울 중구 삼일대로12길 16-6
파이홀 신촌,디저트,4.4,69,37.5570098,126.9350548,서울 서대문구 연세로5나길 20
테일러커피 연남1호점,디저트,4.2,67,37.5631113,126.9263399,서울 마포구 성미산로 189
패션5 한남동,디저트,4.2,57,37.5386535,127.001938,서울 용산구 이태원로 272
모츠커피 건대,디저트,4.5,38,37.5446685,127.0704626,서울 광진구 군자로3길 14
어나더사이드 발산역,디저트,4.6,33,37.5540458,126.8371389,서울 강서구 강서로 318
이미커피 홍대,디저트,4.2,34,37.5574767,126.9219163,서울 마포구 동교로25길 7
듀윗 신대방삼거리역,디저트,4.4,25,37.5003668,126.9267222,서울 동작구 대방동1길 10
카페 공명 홍대점,디저트,4.6,37,37.5499077,126.9220185,서울 마포구 와우산로17길 11-8
맨홀커피 영등포,디저트,4.4,34,37.5292718,126.903915,서울 영등포구 영신로 247
파롤앤랑그 연남동,디저트,4.5,33,37.5649847,126.9228619,서울 마포구 성미산로29안길 8
러시아 케익 동대문,디저트,4.5,43,37.5658498,127.005898,서울 중구 을지로42길 7
카페 코인 명동1호점,디저트,4.4,41,37.5628733,126.9841514,
더숲 초소책방 종로구,디저트,4.4,46,37.5859415,126.964205,서울 종로구 인왕산로 172
껠끄쇼즈 한티역,디저트,4.5,18,37.4969632,127.0566731,서울 강남구 도곡로70길 5
KAFE TONE 성산동,디저트,4.9,16,37.559216,126.9081088,서울 마포구 성미산로1길 26
스타벅스 장충라운지R점,디저트,4.4,23,37.5611012,127.00739,서울 중구 장충단로4길 25
콜린 홍대,디저트,4.3,49,37.549231,126.9204345,서울 마포구 어울마당로 45
겟썸커피 롯데월드몰,디저트,4.3,33,37.5125702,127.1025625,서울 송파구 올림픽로 300
천상가옥 성수,디저트,4.3,40,37.54166,127.056862,서울 성동구 성수이로14길 14
커피한약방 을지로3가역,베이커리,4.2,89,37.5665774,126.9886173,서울 중구 삼일대로12길 16-6
스타벅스 경동1960점,베이커리,4.4,66,37.5796141,127.0386849,서울 동대문구 고산자로36길 3
장블랑제리 낙성대,베이커리,4.5,78,37.477136,126.9619864,서울 관악구 낙성대역길 8
더숲 초소책방 종로구,베이커리,4.4,46,37.5859415,126.964205,서울 종로구 인왕산로 172
루엘드파리 남부터미널,베이커리,4.4,31,37.4840594,127.0173499,서울 서초구 서초중앙로 18
패션5 한남동,베이커리,4.2,57,37.5386535,127.001938,서울 용산구 이태원로 272
자연도소금빵 in 성수,베이커리,4.6,73,37.542326,127.0555087,서울 성동구 연무장길 56-1
아오이토리 홍대,베이커리,4.2,54,37.554751,126.9294621,서울 마포구 와우산로29길 8
베통 성수 플래그십 성수,베이커리,4.7,44,37.5429356,127.0552214,
폴앤폴리나 연희동,베이커리,4.6,17,37.5688946,126.9290813,서울 서대문구 연희로11길 56
만동제과 홍대,베이커리,4.5,45,37.561526,126.9272585,서울 서대문구 연희로 32
베이커리 오월의종 타임스퀘어,베이커리,4.2,33,37.5168698,126.9044002,서울 영등포구 영중로 15
오파토 해방촌,베이커리,4.6,19,37.5433502,126.9879735,서울 용산구 신흥로12길 4
아우어베이커리 도산본점,베이커리,4.2,35,37.5235686,127.0368457,서울 강남구 도산대로45길 10-11
카페 공명 홍대점,베이커리,4.6,37,37.5499077,126.9220185,서울 마포구 와우산로17길 11-8
그레도 제빵사 석계역,베이커리,4.2,32,37.6134032,127.0621791,서울 성북구 화랑로 304
아베베베이커리 광장시장,베이커리,4.4,79,37.5695463,126.9999438,서울 종로구 청계천로 201
어니언 성수점,베이커리,3.9,101,37.5446909,127.0581051,서울 성동구 아차산로9길 8
천상가옥 성수,베이커리,4.3,40,37.54166,127.056862,서울 성동구 성수이로14길 14
브로트아트 여의도,베이커리,4.4,29,37.5224582,126.9311482,서울 영등포구 국제금융로7길 3
빠우 세운상가,간식,4.7,34,37.5671459,126.9954511,서울 중구 을지로 157
훈훈호떡 망원동,간식,4.3,52,37.5559349,126.906324,서울 마포구 포은로6길 25
남대문 야채호떡 남대문시장,간식,4.3,35,37.5605781,126.9772055,서울 중구 남대문시장길 14
앤티앤스프레즐 용산아이파크몰점,간식,4.1,13,37.5297717,126.9647415,서울 용산구 한강대로23길 55
츄로101 홍대,간식,4.6,16,37.5557643,126.9242936,서울 마포구 어울마당로 128
파오파오 잠실,간식,4.3,47,37.5089063,127.0840251,서울 송파구 석촌호수로12길 22
현대붕어빵 성수,간식,4.3,9,37.5438543,127.050308,서울 성동구 연무장길 6-1
홍콩빵태국커피 서촌,간식,4.3,12,37.5769419,126.9695228,서울 종로구 자하문로1길 53
스트릿츄러스 타임스퀘어점,간식,4.4,14,37.516913,126.9032185,서울 영등포구 영중로 15
델리델리 명동,간식,4.4,12,37.5607989,126.9849261,서울 중구 충무로1가 26-1
경기떡집 망원,간식,4.5,11,37.5550464,126.9102831,서울 마포구 동교로9길 24
보리원 파크리오점,간식,5.0,1,37.5203138,127.1132814,서울 송파구 올림픽로35길 10
우마이 당고 연남동,간식,4.6,5,37.5614555,126.9256081,서울 마포구 동교로38길 34
코코호도 문래점,간식,4.7,3,37.5168974,126.8948179,서울 영등포구 당산로 26
파스퇴르 밀크바 롯데월드점,간식,4.3,18,37.5125915,127.099116,서울 송파구 올림픽로 240
리에제 와플 덕수궁점,간식,4.1,119,37.5648235,126.9764916,
삼진어묵 용산역사점,간식,4.0,8,37.5297718,126.9647415,
보앤미 신세계강남,간식,4.4,5,37.5043625,127.003641,서울 서초구 신반포로 176
앤티앤스 서울역점,간식,4.4,6,37.5529465,126.972607,서울 강서구 강서로45길 41
타르트팜 서울역점,간식,5.0,1,37.5548207,126.9714609,서울 중구 한강대로 405
본죽&비빔밥cafe 강남신사점,죽,4.3,9,37.5178543,127.0223203,서울 강남구 도산대로11길 5
송죽 충무로,죽,3.6,5,37.5628892,126.9921242,경남 창원시 진해구 충무로 43
본죽 대학로본점,죽,5.0,2,37.5788255,127.0017571,서울 종로구 대학로7길 3
본죽 영등포구청점,죽,4.8,6,37.5270324,126.8971431,서울 영등포구 당산로 138
본죽 송파석촌점,죽,5.0,3,37.5067026,127.1054364,서울 송파구 송파대로 453
본죽&비빔밥cafe 오목교역점,죽,5.0,1,37.5222631,126.8741601,서울 양천구 신목로 83
본죽&비빔밥cafe 길음역점,죽,5.0,2,37.6035829,127.0247191,서울 성북구 길음로 74
본죽 강동구청점,죽,5.0,1,37.5304166,127.1212526,서울 강동구 성내로 4
본죽&비빔밥cafe 은평신사점,죽,4.6,3,37.5981303,126.9104542,서울 은평구 은평로 23
본죽&비빔밥 문래힐스테이트점,죽,5.0,2,37.5193259,126.8891268,서울 영등포구 선유로 59
본죽&비빔밥cafe 신촌점,죽,4.7,6,37.5574794,126.9370688,서울 서대문구 연세로 20
본죽 명일역점,죽,4.6,2,37.5506942,127.1445047,서울 강동구 양재대로 1626
정  한뿌리죽 이촌,죽,4.0,1,37.5200186,126.9741837,서울 용산구 이촌로 245
본죽 우면점,죽,5.0,2,37.4707924,127.0255557,서울 서초구 바우뫼로7길 8
본죽&비빔밥 cafe 포이점,죽,5.0,2,37.4764958,127.0437199,서울 서초구 마방로10길 18-1
지니전복죽 역삼,죽,4.0,5,37.5037018,127.0366739,서울 강남구 봉은사로30길 59
본죽&비빔밥cafe 대흥역점,죽,4.9,4,37.5472607,126.9411235,서울 마포구 대흥로 79
본죽&비빔밥 돌곶이역점,죽,5.0,2,37.6094628,127.0582688,서울 성북구 돌곶이로 65
본죽 서초우체국점,죽,4.6,3,37.4693971,127.0411926,서울 서초구 동산로 14
본죽 중곡사거리점,죽,5.0,2,37.5593202,127.087896,서울 광진구 긴고랑로 115
